-- ============================================
-- 智能医疗系统 - 模拟数据
-- ============================================

USE medical_health;

-- ============================================
-- 1. 用户表 (user)
-- ============================================
INSERT INTO user (username, password, phone, age, id_card, user_type, real_name, avatar, status) VALUES
('admin', '$2a$10$N9qo8uLOickgx2ZMRZoMye.IjzqAKL9xL5jvMFVdNJHvGCgTq/VEq', '13800138001', 35, '110101199001011234', 1, '管理员', NULL, 1),
('patient001', '$2a$10$N9qo8uLOickgx2ZMRZoMye.IjzqAKL9xL5jvMFVdNJHvGCgTq/VEq', '13800138002', 65, '110101195501011234', 0, '张大爷', NULL, 1),
('patient002', '$2a$10$N9qo8uLOickgx2ZMRZoMye.IjzqAKL9xL5jvMFVdNJHvGCgTq/VEq', '13800138003', 72, '110101194801011234', 0, '李阿姨', NULL, 1),
('patient003', '$2a$10$N9qo8uLOickgx2ZMRZoMye.IjzqAKL9xL5jvMFVdNJHvGCgTq/VEq', '13800138004', 68, '110101195201011234', 0, '王叔叔', NULL, 1),
('patient004', '$2a$10$N9qo8uLOickgx2ZMRZoMye.IjzqAKL9xL5jvMFVdNJHvGCgTq/VEq', '13800138005', 75, '110101194501011234', 0, '赵奶奶', NULL, 1);

-- ============================================
-- 2. 文章分类表 (article_category)
-- ============================================
INSERT INTO article_category (category_name, category_code, parent_id, level) VALUES
('健康科普', 'health', 0, 1),
('疾病防治', 'disease', 0, 1),
('养生保健', 'healthcare', 0, 1),
('康复指导', 'rehab', 0, 1),
('饮食营养', 'nutrition', 0, 1),
('高血压', 'hypertension', 2, 2),
('糖尿病', 'diabetes', 2, 2),
('心脏病', 'heart', 2, 2),
('运动康复', 'exercise', 4, 2),
('饮食调理', 'diet', 5, 2);

-- ============================================
-- 3. 健康文章表 (health_article)
-- ============================================
INSERT INTO health_article (title, content, category_id, author, publish_time, view_count, collect_count) VALUES
('高血压患者的日常护理', '高血压是一种常见的慢性疾病，需要长期管理。以下是一些日常护理建议：\n\n1. **定期监测血压**：每天定时测量血压，了解自己的血压变化。\n\n2. **合理饮食**：低盐饮食，每天食盐摄入量不超过5克。多吃蔬菜水果，减少高脂肪食物。\n\n3. **规律运动**：每周至少进行150分钟的中等强度有氧运动，如快走、太极拳等。\n\n4. **保持良好心态**：避免情绪激动，保持心情舒畅。\n\n5. **遵医嘱服药**：按时按量服用降压药物，不要擅自停药或换药。', 6, '医学专家', '2024-01-15 10:00:00', 1250, 86),
('糖尿病饮食指南', '糖尿病患者的饮食管理非常重要。以下是一些饮食建议：\n\n1. **控制总热量**：根据身高、体重和活动量计算每日所需热量。\n\n2. **均衡营养**：主食、蛋白质、蔬菜合理搭配。\n\n3. **选择低升糖指数食物**：如燕麦、糙米、全麦面包等。\n\n4. **定时定量进餐**：三餐规律，避免暴饮暴食。\n\n5. **多喝水**：每天饮水量不少于1500毫升。', 7, '营养师', '2024-01-12 14:30:00', 2340, 156),
('老年人运动保健', '适当的运动对老年人健康非常有益：\n\n1. **散步**：每天散步30分钟，可以促进血液循环。\n\n2. **太极拳**：有助于平衡能力和柔韧性。\n\n3. **哑铃操**：增强肌肉力量，预防肌肉流失。\n\n4. **游泳**：对关节友好的全身性运动。\n\n5. **广场舞**：既能运动又能社交。', 3, '运动教练', '2024-01-10 09:00:00', 1890, 112),
('春季养生小贴士', '春季是养生的好时节：\n\n1. **早睡早起**：顺应自然规律。\n\n2. **适当进补**：春季宜食清淡易消化的食物。\n\n3. **养肝护肝**：多吃绿色蔬菜。\n\n4. **预防过敏**：注意花粉防护。\n\n5. **保持通风**：保持室内空气流通。', 3, '养生专家', '2024-03-01 11:00:00', 980, 67),
('冠心病的预防与护理', '冠心病是老年人常见疾病：\n\n1. **控制危险因素**：高血压、高血脂、糖尿病是主要危险因素。\n\n2. **合理膳食**：低脂、低盐、低糖饮食。\n\n3. **适度运动**：根据身体情况进行散步、慢跑等运动。\n\n4. **戒烟限酒**：避免吸烟和过量饮酒。\n\n5. **定期体检**：每年至少进行一次全面体检。', 8, '心内科医生', '2024-01-08 16:00:00', 1560, 98);

-- ============================================
-- 4. 医院表 (hospital)
-- ============================================
INSERT INTO hospital (name, department, address, phone, level, description) VALUES
('北京市第一人民医院', '综合', '北京市东城区东单北大街3号', '010-88881234', '三级甲等', '大型综合性医院，设有多个专科'),
('北京协和医院', '综合', '北京市东城区帅府园1号', '010-65296114', '三级甲等', '国内顶尖综合性医院'),
('北京中医药大学附属医院', '中医', '北京市朝阳区北三环东路11号', '010-84012345', '三级甲等', '以中医药治疗为主的专科医院'),
('北京老年病医院', '专科', '北京市西城区西直门外大街1号', '010-68312345', '三级', '专门服务老年人的专科医院'),
('北京市康复医院', '康复', '北京市石景山区模式口西', '010-88921234', '三级', '专注康复治疗的专科医院');

-- ============================================
-- 5. 医院科室表 (hospital_department)
-- ============================================
INSERT INTO hospital_department (hospital_id, dept_name, dept_intro, location) VALUES
(1, '心内科', '心内科是医院的重点科室，拥有先进的诊疗设备和专业的医疗团队，擅长治疗各种心脏疾病。', '门诊楼3层'),
(1, '神经内科', '神经内科主要诊治脑血管疾病、帕金森病、癫痫等神经系统疾病。', '门诊楼4层'),
(1, '内分泌科', '内分泌科主要诊治糖尿病、甲状腺疾病、高血压等内分泌代谢性疾病。', '门诊楼2层'),
(2, '消化内科', '消化内科擅长诊治胃肠道疾病、肝病、胰腺疾病等。', '门诊楼1层'),
(2, '骨科', '骨科主要诊治骨折、关节疾病、脊柱疾病等。', '门诊楼5层'),
(3, '中医内科', '中医内科运用传统中医药理论诊治各种内科疾病。', '门诊楼1层'),
(3, '针灸科', '针灸科运用针灸疗法治疗各种疾病，尤其擅长疼痛治疗和康复调理。', '门诊楼2层'),
(4, '老年病科', '老年病科专门为老年人提供全面的医疗服务和健康管理。', '主楼1-3层'),
(5, '康复医学科', '康复医学科为患者提供全面的康复治疗服务。', '康复楼1-4层'),
(5, '物理治疗科', '物理治疗科运用各种物理因子进行治疗。', '康复楼1层');

-- ============================================
-- 6. 医生表 (doctor)
-- ============================================
INSERT INTO doctor (user_id, hospital, department, license_number, title, specialty, description, rating, status) VALUES
(1, '北京市第一人民医院', '心内科', '110101199001011234', '主任医师', '冠心病、高血压、心律失常', '从事心血管内科工作20年，经验丰富。', 4.9, 1),
(2, '北京市第一人民医院', '神经内科', '110101198501011234', '副主任医师', '脑血管疾病、帕金森病', '擅长脑血管疾病的诊治和康复指导。', 4.8, 1),
(3, '北京协和医院', '消化内科', '110101198001011234', '主任医师', '消化系统疾病', '在消化内科领域有深入研究。', 4.9, 1),
(4, '北京中医药大学附属医院', '中医内科', '110101197501011234', '主任医师', '中医内科杂病', '运用中医药治疗各种疑难杂症。', 4.8, 1),
(5, '北京市康复医院', '康复医学科', '110101198201011234', '副主任医师', '康复治疗', '擅长各种疾病的康复治疗。', 4.7, 1);

-- ============================================
-- 7. 疾病字典表 (disease_dict)
-- ============================================
INSERT INTO disease_dict (disease_code, disease_name, description, category) VALUES
('I10', '高血压', '以体循环动脉血压持续升高为主要特征的慢性疾病', '心血管疾病'),
('E11', '2型糖尿病', '胰岛素分泌不足或胰岛素抵抗导致的血糖升高', '内分泌疾病'),
('I25', '冠心病', '冠状动脉粥样硬化性心脏病', '心血管疾病'),
('G20', '帕金森病', '中枢神经系统退行性疾病', '神经系统疾病'),
('I63', '脑梗死', '脑部血液供应障碍导致的脑组织缺血坏死', '神经系统疾病'),
('K25', '胃溃疡', '胃黏膜被胃酸和胃蛋白酶消化形成的溃疡', '消化系统疾病'),
('M15', '关节炎', '关节炎症性疾病', '骨骼系统疾病'),
('J45', '哮喘', '气道慢性炎症性疾病', '呼吸系统疾病'),
('N18', '慢性肾脏病', '肾脏功能逐渐减退的慢性疾病', '泌尿系统疾病'),
('C50', '乳腺癌', '乳腺组织的恶性肿瘤', '恶性肿瘤');

-- ============================================
-- 8. 药品表 (medicine)
-- ============================================
INSERT INTO medicine (name, indication, usage_desc, taboo, source) VALUES
('硝苯地平缓释片', '用于治疗高血压、心绞痛', '口服，每日1-2次，每次1片', '对硝苯地平过敏者禁用', '药典'),
('二甲双胍肠溶片', '用于治疗2型糖尿病', '口服，每日3次，每次1-2片，饭前服用', '对二甲双胍过敏者禁用，肾功能不全者慎用', '药典'),
('阿司匹林肠溶片', '用于预防心脑血管疾病', '口服，每日1次，每次1片，饭前服用', '对阿司匹林过敏者禁用，有出血倾向者慎用', '药典'),
('阿托伐他汀钙片', '用于治疗高胆固醇血症', '口服，每日1次，每次1片，睡前服用', '对阿托伐他汀过敏者禁用，肝功能不全者慎用', '药典'),
('硝酸异山梨酯片', '用于缓解心绞痛', '口服，每日2-3次，每次1-2片', '对硝酸酯类药物过敏者禁用', '药典');

-- ============================================
-- 9. AI对话表 (ai_conversation)
-- ============================================
INSERT INTO ai_conversation (user_id, question, answer, type) VALUES
(1, '我最近血压有点高，应该怎么办？', '您好！血压偏高需要引起重视。建议您：\n\n1. **定期监测**：每天早晚测量血压并记录。\n\n2. **调整饮食**：减少食盐摄入，每天不超过5克，多吃蔬菜水果。\n\n3. **适度运动**：每天散步30分钟，打太极拳也是很好的选择。\n\n4. **保证睡眠**：每天保证7-8小时睡眠。\n\n5. **保持心情**：避免情绪激动，保持心态平和。\n\n如果血压持续偏高，请及时就医，遵医嘱服药。', 'health_consult'),
(2, '糖尿病患者可以吃水果吗？', '糖尿病患者可以吃水果，但需要注意：\n\n1. **选择低糖水果**：如苹果、柚子、草莓、蓝莓等。\n\n2. **控制分量**：每次吃一小份，大约200克左右。\n\n3. **注意时间**：最好在两餐之间吃，避免餐后立即吃。\n\n4. **监测血糖**：吃水果后1-2小时可以测量一下血糖。\n\n5. **避免果汁**：果汁含糖量高，升糖快，尽量喝白开水。', 'health_consult'),
(3, '老年人如何预防跌倒？', '预防跌倒是老年人安全的重要方面：\n\n1. **保持环境整洁**：家里物品摆放整齐，避免杂物挡路。\n\n2. **改善照明**：确保房间光线充足，夜间起床有小夜灯。\n\n3. **穿着合适**：穿防滑鞋，避免穿拖鞋。\n\n4. **加强锻炼**：进行平衡训练和肌肉力量训练。\n\n5. **定期检查**：检查视力和听力，有问题及时矫正。', 'health_consult'),
(4, '如何改善睡眠质量？', '改善睡眠质量可以尝试以下方法：\n\n1. **规律作息**：每天固定时间上床睡觉和起床。\n\n2. **创造良好睡眠环境**：保持卧室安静、黑暗、凉爽。\n\n3. **睡前放松**：睡前一小时远离电子设备，可以听舒缓的音乐或阅读。\n\n4. **适度运动**：白天进行适量运动，但避免睡前剧烈运动。\n\n5. **注意饮食**：晚餐不要吃得过饱，睡前不要喝咖啡、浓茶。', 'health_consult'),
(5, '春季如何预防感冒？', '春季是感冒高发季节，可以这样预防：\n\n1. **接种疫苗**：每年接种流感疫苗。\n\n2. **勤洗手**：用肥皂或洗手液和流动水洗手。\n\n3. **保持通风**：经常开窗通风，保持室内空气流通。\n\n4. **适当锻炼**：增强体质，提高免疫力。\n\n5. **多喝水**：每天保证充足的饮水量。\n\n6. **避免接触**：尽量避免接触感冒患者。', 'health_consult');

-- ============================================
-- 10. 健康记录表 (health_record)
-- ============================================
INSERT INTO health_record (user_id, blood_pressure, blood_sugar, heart_rate, record_time, weight, height, step_count, sleep_duration) VALUES
(2, '135/85', 5.8, 72, '2024-01-15 08:00:00', 65.5, 170.0, 8500, 7.5),
(2, '138/88', 6.1, 75, '2024-01-14 08:30:00', 65.3, 170.0, 7800, 7.0),
(2, '132/82', 5.6, 70, '2024-01-13 07:45:00', 65.8, 170.0, 9200, 8.0),
(3, '140/90', 7.2, 78, '2024-01-15 08:15:00', 58.0, 158.0, 6500, 6.5),
(3, '142/92', 7.5, 80, '2024-01-14 08:00:00', 58.2, 158.0, 5800, 6.0),
(4, '125/80', 5.4, 68, '2024-01-15 07:30:00', 72.0, 175.0, 10500, 7.8),
(4, '128/82', 5.5, 70, '2024-01-14 07:45:00', 71.8, 175.0, 9800, 7.2),
(5, '150/95', 6.8, 82, '2024-01-15 08:30:00', 62.0, 162.0, 5200, 6.0),
(5, '148/93', 6.6, 80, '2024-01-14 08:15:00', 62.3, 162.0, 4800, 5.5),
(1, '120/75', 5.1, 65, '2024-01-15 07:00:00', 70.0, 178.0, 12000, 8.5);

-- ============================================
-- 11. 风险评估表 (risk_assess)
-- ============================================
INSERT INTO risk_assess (user_id, hypertension_risk, diabetes_risk, fall_risk, frailty_risk, sarcopenia_risk, total_risk, assess_result, assess_time) VALUES
(2, 1, 0, 1, 0, 0, 1, '您的整体风险评估为中等。主要风险因素是高血压和跌倒风险。建议定期监测血压，注意居家安全，避免跌倒。', '2024-01-15 10:00:00'),
(3, 2, 2, 1, 1, 0, 2, '⚠️⚠️⚠️ 紧急提醒 ⚠️⚠️⚠️\n您的评估结果显示多项指标处于较高水平！高血压和糖尿病风险均为高风险。请务必在近期前往医院就诊，调整用药方案。', '2024-01-14 09:30:00'),
(4, 0, 0, 0, 0, 0, 0, '您的各项风险评估均为低风险，继续保持良好的生活习惯！建议每周进行3-4次运动，保持均衡饮食。', '2024-01-13 14:00:00'),
(5, 2, 1, 2, 1, 1, 2, '⚠️⚠️⚠️ 紧急提醒 ⚠️⚠️⚠️\n您的评估结果显示高血压风险和跌倒风险较高。请立即就医调整降压方案，并在家中做好防滑措施。健康第一，尽快行动！', '2024-01-12 11:00:00'),
(1, 0, 0, 0, 0, 0, 0, '您的健康状况良好，各项风险均为低风险。继续保持健康的生活方式！', '2024-01-10 15:00:00');

-- ============================================
-- 12. 康复计划表 (rehab_plan)
-- ============================================
INSERT INTO rehab_plan (disease, title, content, source, start_date, end_date, plan_status) VALUES
('高血压', '高血压康复计划', '【第一阶段：血压控制】\n1. 每天测量血压2次，记录变化\n2. 遵医嘱按时服药\n3. 低盐饮食，每天食盐<5g\n4. 每天散步30分钟\n\n【第二阶段：体能恢复】\n1. 增加运动强度，每周3次太极拳\n2. 进行简单的力量训练\n3. 学习放松技巧\n\n【第三阶段：长期管理】\n1. 定期复查，调整用药\n2. 保持健康饮食习惯\n3. 坚持规律运动', '康复医学科', '2024-01-01', '2024-03-31', 1),
('脑卒中', '脑卒中康复计划', '【第一阶段：卧床期】\n1. 保持正确体位\n2. 被动关节活动\n3. 呼吸训练\n\n【第二阶段：恢复期】\n1. 坐位平衡训练\n2. 站立训练\n3. 行走训练\n\n【第三阶段：功能恢复】\n1. 日常生活能力训练\n2. 语言康复训练\n3. 精细动作训练', '康复医学科', '2024-01-15', '2024-06-15', 0),
('膝关节置换', '膝关节置换术后康复', '【术后1-2周】\n1. 疼痛管理\n2. 被动膝关节活动\n3. 直腿抬高训练\n\n【术后3-6周】\n1. 主动膝关节活动\n2. 行走训练\n3. 上下楼梯训练\n\n【术后6周以上】\n1. 力量训练\n2. 平衡训练\n3. 恢复正常活动', '骨科', '2024-02-01', '2024-05-01', 0);

-- ============================================
-- 13. 康复动作表 (rehab_action)
-- ============================================
INSERT INTO rehab_action (plan_id, action_name, action_desc, duration, sets, reps) VALUES
(1, '散步', '在平坦路面上匀速行走，保持身体正直，双臂自然摆动。', 30, 1, 1),
(1, '太极拳', '练习简化太极拳24式，动作缓慢柔和。', 45, 1, 1),
(1, '深呼吸', '采用腹式呼吸，吸气4秒，屏息2秒，呼气6秒。', 5, 3, 10),
(2, '关节活动', '在治疗师指导下进行各关节的被动活动。', 20, 2, 1),
(2, '平衡训练', '从坐位平衡开始，逐步过渡到站立体平衡。', 15, 2, 1),
(3, '直腿抬高', '仰卧位，双腿伸直，交替抬高30厘米。', 10, 3, 15),
(3, '屈膝训练', '坐姿，缓慢屈膝90度，保持2秒后伸直。', 10, 3, 10);

-- ============================================
-- 14. 预约表 (appointment)
-- ============================================
INSERT INTO appointment (doctor_id, user_id, schedule_date, schedule_period, appointment_no, fee, status, reason) VALUES
(1, 2, '2024-01-20', 1, 'APPT20240120001', 50.00, 0, '定期复查血压'),
(2, 3, '2024-01-18', 2, 'APPT20240118001', 60.00, 1, '头晕症状'),
(3, 4, '2024-01-22', 1, 'APPT20240122001', 80.00, 0, '胃部不适'),
(4, 5, '2024-01-25', 3, 'APPT20240125001', 40.00, 0, '中医调理'),
(5, 2, '2024-01-28', 2, 'APPT20240128001', 100.00, 0, '康复训练');

-- ============================================
-- 15. 医生排班表 (doctor_schedule)
-- ============================================
INSERT INTO doctor_schedule (doctor_id, schedule_date, schedule_period, max_count, current_count, status) VALUES
(1, '2024-01-20', 1, 20, 15, 1),
(1, '2024-01-20', 2, 20, 18, 1),
(1, '2024-01-21', 1, 20, 10, 1),
(2, '2024-01-18', 2, 20, 12, 1),
(2, '2024-01-19', 1, 20, 8, 1),
(3, '2024-01-22', 1, 15, 5, 1),
(3, '2024-01-22', 2, 15, 10, 1),
(4, '2024-01-25', 3, 10, 3, 1),
(5, '2024-01-28', 2, 15, 8, 1),
(5, '2024-01-28', 3, 15, 12, 1);

-- ============================================
-- 16. 转诊申请表 (transfer_apply)
-- ============================================
INSERT INTO transfer_apply (user_id, from_hospital_id, to_hospital_id, apply_reason, apply_time, status) VALUES
(3, 1, 2, '患者患有复杂心血管疾病，需要上级医院进一步诊治。', '2024-01-15 10:00:00', 1),
(5, 4, 3, '患者需要中医康复治疗，申请转诊到中医医院。', '2024-01-14 14:30:00', 0),
(2, 1, 5, '患者需要专业康复治疗，申请转诊到康复医院。', '2024-01-13 09:00:00', 2);

-- ============================================
-- 17. 医疗记录表 (medical_record)
-- ============================================
INSERT INTO medical_record (user_id, hospital_id, doctor_id, diagnosis, treatment, record_time, is_desensitized) VALUES
(2, 1, 1, '原发性高血压，血压控制尚可。', '1. 继续服用硝苯地平缓释片，每日1次，每次1片\n2. 低盐饮食，控制体重\n3. 定期监测血压，每月复查', '2024-01-10 10:00:00', 0),
(3, 2, 2, '短暂性脑缺血发作，建议进一步检查。', '1. 头颅CT检查未见明显异常\n2. 建议进行头颅MRI检查\n3. 服用阿司匹林肠溶片抗血小板\n4. 定期神经内科复诊', '2024-01-12 14:00:00', 0),
(4, 1, 3, '慢性胃炎，轻度糜烂。', '1. 奥美拉唑肠溶胶囊，每日2次，每次1粒\n2. 胃黏膜保护剂\n3. 清淡饮食，避免辛辣刺激\n4. 2周后复查', '2024-01-08 11:00:00', 0),
(5, 3, 4, '中医诊断：气血不足，脾胃虚弱。', '1. 中药调理，健脾益气\n2. 食疗建议：红枣、桂圆、山药等\n3. 适当运动，增强体质\n4. 1个月后复诊', '2024-01-14 09:30:00', 0),
(2, 5, 5, '康复评估：肢体功能恢复良好。', '1. 继续康复训练计划\n2. 增加力量训练强度\n3. 进行日常生活能力训练\n4. 每周3次康复治疗', '2024-01-15 15:00:00', 0);

-- ============================================
-- 18. 知识图谱节点表 (knowledge_node)
-- ============================================
INSERT INTO knowledge_node (node_type, name, alias, description, properties_json, confidence_score) VALUES
('DISEASE', '高血压', '高血压病|原发性高血压', '以体循环动脉血压持续升高为主要特征的慢性疾病', '{"risk_factors":["遗传","年龄","肥胖","高盐饮食"],"symptoms":["头痛","头晕","心悸"],"complications":["脑卒中","心脏病","肾病"]}', 1.00),
('DISEASE', '糖尿病', '消渴病', '胰岛素分泌不足或胰岛素抵抗导致的血糖升高', '{"risk_factors":["遗传","肥胖","缺乏运动"],"symptoms":["多饮","多食","多尿","体重减轻"],"complications":["肾病","眼病","神经病变"]}', 1.00),
('DISEASE', '冠心病', '冠状动脉粥样硬化性心脏病', '冠状动脉粥样硬化导致心肌缺血缺氧', '{"risk_factors":["高血压","高血脂","吸烟"],"symptoms":["胸痛","胸闷","气短"],"complications":["心肌梗死","心律失常"]}', 1.00),
('SYMPTOM', '头痛', '头疼', '头部疼痛不适感', '{"possible_causes":["高血压","颈椎病","偏头痛","感冒"]}', 1.00),
('SYMPTOM', '头晕', '眩晕', '头部发晕、感觉自身或周围物体旋转', '{"possible_causes":["高血压","低血糖","贫血","耳石症"]}', 1.00),
('HERBAL', '黄芪', '黄耆', '补气药，具有补气升阳、固表止汗等功效', '{"nature":"微温","taste":"甘","meridian":"脾经、肺经","efficacy":"补气升阳、固表止汗、利水消肿"}', 0.95),
('HERBAL', '当归', '', '补血药，具有补血活血、调经止痛等功效', '{"nature":"温","taste":"甘、辛","meridian":"肝经、心经、脾经","efficacy":"补血活血、调经止痛、润肠通便"}', 0.95),
('THERAPY', '太极拳', '', '中国传统武术，具有强身健体、调节气血的作用', '{"benefits":["改善平衡","增强体质","调节情绪","促进血液循环"],"difficulty":"低","duration":"30-60分钟"}', 0.90),
('THERAPY', '针灸', '', '中医传统疗法，通过针刺穴位治疗疾病', '{"benefits":["止痛","调节气血","改善功能","增强免疫力"],"applications":["疼痛治疗","康复调理","内科疾病"]}', 0.90),
('BODY_PART', '心脏', '', '人体重要器官，负责血液循环', '{"function":"泵血","related_diseases":["冠心病","高血压性心脏病","心律失常"],"care_tips":["适度运动","健康饮食","戒烟限酒"]}', 1.00),
('BODY_PART', '肾脏', '', '人体重要器官，负责过滤废物和调节水分', '{"function":"过滤血液、生成尿液","related_diseases":["肾炎","肾结石","肾衰竭"],"care_tips":["多喝水","低盐饮食","避免滥用药物"]}', 1.00),
('FOOD_THERAPY', '芹菜', '', '具有降压作用的蔬菜', '{"nutrition":["维生素C","膳食纤维","钾"],"health_benefits":["辅助降压","促进消化"],"cooking_methods":["炒","凉拌","煮汤"]}', 0.85),
('FOOD_THERAPY', '燕麦', '', '健康谷物，富含膳食纤维', '{"nutrition":["膳食纤维","蛋白质","B族维生素"],"health_benefits":["调节血糖","降低胆固醇","促进肠道健康"],"preparations":["煮粥","燕麦片","燕麦饭"]}', 0.85),
('CONCEPT', '中医体质', '', '中医对人体体质的分类', '{"types":["平和质","阳虚质","阴虚质","痰湿质","湿热质","血瘀质","气郁质","特禀质"],"characteristics":"不同体质有不同的生理特点和健康倾向"}', 0.90),
('CONCEPT', '亚健康', '', '介于健康和疾病之间的状态', '{"symptoms":["疲劳乏力","失眠多梦","记忆力下降","情绪波动"],"causes":["压力过大","缺乏运动","饮食不当","睡眠不足"],"improvement":["调整作息","适度运动","合理饮食","心理调节"]}', 0.90);

-- ============================================
-- 19. 知识图谱边表 (knowledge_edge)
-- ============================================
INSERT INTO knowledge_edge (source_node_id, target_node_id, relation_type, relation_name, description, weight) VALUES
(1, 4, 'HAS_SYMPTOM', '有症状', '高血压可能引起头痛', 0.9),
(1, 5, 'HAS_SYMPTOM', '有症状', '高血压可能引起头晕', 0.85),
(2, 6, 'TREATED_BY', '治疗', '糖尿病可以用黄芪辅助调理', 0.7),
(2, 7, 'TREATED_BY', '治疗', '糖尿病可以用当归辅助调理', 0.6),
(3, 10, 'AFFECTS', '影响', '冠心病影响心脏功能', 0.95),
(4, 1, 'CAUSED_BY', '由...引起', '头痛可能由高血压引起', 0.8),
(5, 1, 'CAUSED_BY', '由...引起', '头晕可能由高血压引起', 0.75),
(8, 1, 'PREVENTS', '预防', '太极拳有助于预防高血压', 0.7),
(9, 1, 'TREATED_BY', '治疗', '针灸可以辅助治疗高血压', 0.65),
(12, 1, 'HELPS', '有助于', '芹菜有助于降低血压', 0.75),
(13, 2, 'HELPS', '有助于', '燕麦有助于调节血糖', 0.8),
(1, 10, 'AFFECTS', '影响', '高血压影响心脏', 0.9),
(2, 11, 'AFFECTS', '影响', '糖尿病影响肾脏', 0.9),
(14, 1, 'RELATED_TO', '相关', '中医体质与高血压相关', 0.6),
(15, 1, 'RELATED_TO', '相关', '亚健康状态可能发展为高血压', 0.5);

-- ============================================
-- 20. 系统操作日志表 (sys_oper_log)
-- ============================================
INSERT INTO sys_oper_log (user_id, operation_type, operation_desc, operation_time, ip_address, device_info) VALUES
(1, 'login', '管理员登录系统', '2024-01-15 08:00:00', '192.168.1.100', 'Windows 10, Chrome'),
(1, 'query', '查询用户列表', '2024-01-15 08:30:00', '192.168.1.100', 'Windows 10, Chrome'),
(1, 'add', '添加健康文章', '2024-01-15 09:00:00', '192.168.1.100', 'Windows 10, Chrome'),
(2, 'login', '患者登录系统', '2024-01-15 08:15:00', '192.168.1.101', 'Android, Chrome'),
(2, 'query', '查询健康记录', '2024-01-15 08:20:00', '192.168.1.101', 'Android, Chrome'),
(2, 'chat', 'AI健康咨询', '2024-01-15 08:30:00', '192.168.1.101', 'Android, Chrome'),
(3, 'login', '患者登录系统', '2024-01-15 09:00:00', '192.168.1.102', 'iOS, Safari'),
(3, 'query', '查询预约记录', '2024-01-15 09:10:00', '192.168.1.102', 'iOS, Safari'),
(3, 'add', '预约挂号', '2024-01-15 09:15:00', '192.168.1.102', 'iOS, Safari'),
(1, 'logout', '管理员退出系统', '2024-01-15 12:00:00', '192.168.1.100', 'Windows 10, Chrome');

-- ============================================
-- 完成
-- ============================================
SELECT '模拟数据插入完成' AS result;
